Name,Min Wear,Max Wear
AK-47 | Aquamarine Revenge,0.00,1.00
AK-47 | Asiimov,0.05,0.70
AK-47 | Baroque Purple,0.00,1.00
AK-47 | Black Laminate,0.06,0.80
AK-47 | Bloodsport,0.00,0.45
AK-47 | Blue Laminate,0.02,0.40
AK-47 | Cartel,0.00,0.75
AK-47 | Case Hardened,0.00,1.00
AK-47 | Elite Build,0.00,1.00
AK-47 | Emerald Pinstripe,0.00,1.00
AK-47 | Fire Serpent,0.06,0.76
AK-47 | First Class,0.00,1.00
AK-47 | Frontside Misty,0.02,0.87
AK-47 | Fuel Injector,0.00,1.00
AK-47 | Gold Arabesque,0.00,0.70
AK-47 | Green Laminate,0.02,0.40
AK-47 | Head Shot,0.00,1.00
AK-47 | Hydroponic,0.00,0.80
AK-47 | Ice Coaled,0.00,0.77
AK-47 | Jaguar,0.00,1.00
AK-47 | Jet Set,0.00,1.00
AK-47 | Jungle Spray,0.06,0.80
AK-47 | Leet Museo,0.00,0.65
AK-47 | Legion of Anubis,0.00,0.70
AK-47 | Neon Revolution,0.00,0.80
AK-47 | Neon Rider,0.00,0.80
AK-47 | Nightwish,0.00,1.00
AK-47 | Orbit Mk01,0.00,0.55
AK-47 | Panthera onca,0.00,1.00
AK-47 | Phantom Disruptor,0.00,0.65
AK-47 | Point Disarray,0.00,0.67
AK-47 | Predator,0.06,0.80
AK-47 | Rat Rod,0.00,1.00
AK-47 | Red Laminate,0.06,0.80
AK-47 | Redline,0.10,0.70
AK-47 | Safari Mesh,0.06,0.80
AK-47 | Safety Net,0.00,0.60
AK-47 | Slate,0.00,1.00
AK-47 | Steel Delta,0.00,0.73
AK-47 | The Empress,0.00,1.00
AK-47 | Uncharted,0.00,0.75
AK-47 | Vulcan,0.00,0.90
AK-47 | Wasteland Rebel,0.05,0.70
AK-47 | Wild Lotus,0.00,1.00
AK-47 | X-Ray,0.00,1.00
AUG | Akihabara Accept,0.00,1.00
AUG | Amber Fade,0.00,0.40
AUG | Amber Slipstream,0.00,0.55
AUG | Anodized Navy,0.00,0.08
AUG | Arctic Wolf,0.00,0.70
AUG | Aristocrat,0.00,0.66
AUG | Bengal Tiger,0.06,0.80
AUG | Carved Jade,0.00,0.20
AUG | Chameleon,0.00,0.50
AUG | Colony,0.06,0.80
AUG | Condemned,0.06,0.80
AUG | Contractor,0.06,0.80
AUG | Copperhead,0.12,0.38
AUG | Daedalus,0.00,0.55
AUG | Death by Puppy,0.00,0.40
AUG | Flame Jörmungandr,0.00,0.50
AUG | Fleet Flock,0.00,1.00
AUG | Midnight Lily,0.00,0.50
AUG | Momentum,0.05,1.00
AUG | Navy Murano,0.00,1.00
AUG | Plague,0.00,0.76
AUG | Radiation Hazard,0.00,0.55
AUG | Random Access,0.00,0.50
AUG | Ricochet,0.00,0.80
AUG | Sand Storm,0.00,0.50
AUG | Snake Pit,0.00,0.55
AUG | Spalted Wood,0.00,0.48
AUG | Storm,0.06,0.80
AUG | Stymphalian,0.00,0.63
AUG | Surveillance,0.00,0.60
AUG | Sweeper,0.00,0.60
AUG | Syd Mead,0.00,0.80
AUG | Tom Cat,0.00,0.80
AUG | Torque,0.00,0.50
AUG | Triqua,0.00,1.00
AUG | Wings,0.00,0.14
AWP | Acheron,0.00,0.83
AWP | Asiimov,0.18,1.00
AWP | Atheris,0.00,1.00
AWP | BOOM,0.06,0.28
AWP | Black Nile,0.00,0.75
AWP | Capillary,0.05,0.70
AWP | Chromatic Aberration,0.00,0.70
AWP | Containment Breach,0.00,1.00
AWP | Corticera,0.06,0.30
AWP | Desert Hydra,0.00,0.60
AWP | Dragon Lore,0.00,0.70
AWP | Duality,0.00,0.70
AWP | Electric Hive,0.00,0.40
AWP | Elite Build,0.00,1.00
AWP | Exoskeleton,0.00,1.00
AWP | Fade,0.00,0.08
AWP | Fever Dream,0.00,0.55
AWP | Graphite,0.00,0.12
AWP | Gungnir,0.00,0.60
AWP | Hyper Beast,0.00,1.00
AWP | Lightning Strike,0.00,0.08
AWP | Man-o'-war,0.10,0.20
AWP | Medusa,0.00,1.00
AWP | Mortis,0.00,0.64
AWP | Neo-Noir,0.00,0.50
AWP | Oni Taiji,0.00,0.50
AWP | PAW,0.00,0.50
AWP | POP AWP,0.00,0.44
AWP | Phobos,0.00,0.40
AWP | Pink DDPAT,0.06,0.80
AWP | Pit Viper,0.08,0.50
AWP | Redline,0.10,0.40
AWP | Safari Mesh,0.06,0.80
AWP | Silk Tiger,0.00,0.60
AWP | Snake Camo,0.06,0.80
AWP | Sun in Leo,0.00,0.50
AWP | The Prince,0.00,0.60
AWP | Wildfire,0.01,0.70
AWP | Worm God,0.00,0.45
Bayonet | Autotronic,0.00,0.85
Bayonet | Black Laminate,0.00,1.00
Bayonet | Blue Steel,0.00,1.00
Bayonet | Boreal Forest,0.06,0.80
Bayonet | Bright Water,0.00,0.50
Bayonet | Case Hardened,0.00,1.00
Bayonet | Crimson Web,0.06,0.80
Bayonet | Damascus Steel,0.00,0.50
Bayonet | Doppler,0.00,0.08
Bayonet | Fade,0.00,0.08
Bayonet | Forest DDPAT,0.06,0.80
Bayonet | Freehand,0.00,0.48
Bayonet | Gamma Doppler,0.00,0.08
Bayonet | Lore,0.00,0.65
Bayonet | Marble Fade,0.00,0.08
Bayonet | Night,0.06,0.80
Bayonet | Rust Coat,0.40,1.00
Bayonet | Safari Mesh,0.06,0.80
Bayonet | Scorched,0.06,0.80
Bayonet | Slaughter,0.01,0.26
Bayonet | Stained,0.00,1.00
Bayonet | Tiger Tooth,0.00,0.08
Bayonet | Ultraviolet,0.06,0.80
Bayonet | Urban Masked,0.06,0.80
Bayonet | ★ (Vanilla),,
Bowie Knife | Autotronic,0.00,0.85
Bowie Knife | Black Laminate,0.00,1.00
Bowie Knife | Blue Steel,0.00,1.00
Bowie Knife | Boreal Forest,0.06,0.80
Bowie Knife | Bright Water,0.00,0.50
Bowie Knife | Case Hardened,0.00,1.00
Bowie Knife | Crimson Web,0.06,0.80
Bowie Knife | Damascus Steel,0.00,0.50
Bowie Knife | Doppler,0.00,0.08
Bowie Knife | Fade,0.00,0.08
Bowie Knife | Forest DDPAT,0.06,0.80
Bowie Knife | Freehand,0.00,0.48
Bowie Knife | Gamma Doppler,0.00,0.08
Bowie Knife | Lore,0.00,1.00
Bowie Knife | Marble Fade,0.00,0.08
Bowie Knife | Night,0.06,0.80
Bowie Knife | Rust Coat,0.40,1.00
Bowie Knife | Safari Mesh,0.06,0.80
Bowie Knife | Scorched,0.06,0.80
Bowie Knife | Slaughter,0.01,0.26
Bowie Knife | Stained,0.00,1.00
Bowie Knife | Tiger Tooth,0.00,0.08
Bowie Knife | Ultraviolet,0.06,0.80
Bowie Knife | Urban Masked,0.06,0.80
Bowie Knife | ★ (Vanilla),,
Butterfly Knife | Autotronic,0.00,0.85
Butterfly Knife | Black Laminate,0.00,1.00
Butterfly Knife | Blue Steel,0.00,1.00
Butterfly Knife | Boreal Forest,0.06,0.80
Butterfly Knife | Bright Water,0.00,0.50
Butterfly Knife | Case Hardened,0.00,1.00
Butterfly Knife | Crimson Web,0.06,0.80
Butterfly Knife | Damascus Steel,0.00,0.50
Butterfly Knife | Doppler,0.00,0.08
Butterfly Knife | Fade,0.00,0.08
Butterfly Knife | Forest DDPAT,0.06,0.80
Butterfly Knife | Freehand,0.00,0.48
Butterfly Knife | Gamma Doppler,0.00,0.08
Butterfly Knife | Lore,0.00,1.00
Butterfly Knife | Marble Fade,0.00,0.08
Butterfly Knife | Night,0.06,0.80
Butterfly Knife | Rust Coat,0.40,1.00
Butterfly Knife | Safari Mesh,0.06,0.80
Butterfly Knife | Scorched,0.06,0.80
Butterfly Knife | Slaughter,0.01,0.26
Butterfly Knife | Stained,0.00,1.00
Butterfly Knife | Tiger Tooth,0.00,0.08
Butterfly Knife | Ultraviolet,0.06,0.80
Butterfly Knife | Urban Masked,0.06,0.80
Butterfly Knife | ★ (Vanilla),,
CZ75-Auto | Army Sheen,0.00,0.30
CZ75-Auto | Chalice,0.00,0.10
CZ75-Auto | Circaetus,0.00,0.90
CZ75-Auto | Crimson Web,0.06,0.80
CZ75-Auto | Distressed,0.00,1.00
CZ75-Auto | Eco,0.00,1.00
CZ75-Auto | Emerald,0.00,0.08
CZ75-Auto | Emerald Quartz,0.00,0.70
CZ75-Auto | Framework,0.00,0.80
CZ75-Auto | Green Plaid,0.00,0.58
CZ75-Auto | Hexane,0.00,0.40
CZ75-Auto | Imprint,0.00,1.00
CZ75-Auto | Indigo,0.06,0.80
CZ75-Auto | Jungle Dashed,0.06,0.80
CZ75-Auto | Midnight Palm,0.00,0.50
CZ75-Auto | Nitro,0.06,0.80
CZ75-Auto | Poison Dart,0.00,0.70
CZ75-Auto | Pole Position,0.00,0.70
CZ75-Auto | Polymer,0.00,0.50
CZ75-Auto | Red Astor,0.00,1.00
CZ75-Auto | Silver,0.00,0.08
CZ75-Auto | Syndicate,0.00,0.70
CZ75-Auto | Tacticat,0.00,0.70
CZ75-Auto | The Fuschia Is Now,0.00,0.40
CZ75-Auto | Tigris,0.00,1.00
CZ75-Auto | Tread Plate,0.00,0.20
CZ75-Auto | Tuxedo,0.00,0.80
CZ75-Auto | Twist,0.00,1.00
CZ75-Auto | Vendetta,0.00,1.00
CZ75-Auto | Victoria,0.00,0.75
CZ75-Auto | Xiangliu,0.00,0.56
CZ75-Auto | Yellow Jacket,0.00,1.00
Classic Knife | Blue Steel,0.00,1.00
Classic Knife | Boreal Forest,0.06,0.80
Classic Knife | Case Hardened,0.00,1.00
Classic Knife | Crimson Web,0.06,0.80
Classic Knife | Fade,0.00,0.08
Classic Knife | Forest DDPAT,0.06,0.80
Classic Knife | Night Stripe,0.06,0.80
Classic Knife | Safari Mesh,0.06,0.80
Classic Knife | Scorched,0.06,0.80
Classic Knife | Slaughter,0.01,0.26
Classic Knife | Stained,0.00,1.00
Classic Knife | Urban Masked,0.06,0.80
Classic Knife | ★ (Vanilla),,
Desert Eagle | Blaze,0.00,0.08
Desert Eagle | Blue Ply,0.00,1.00
Desert Eagle | Bronze Deco,0.00,0.46
Desert Eagle | Cobalt Disruption,0.00,0.20
Desert Eagle | Code Red,0.00,1.00
Desert Eagle | Conspiracy,0.00,0.30
Desert Eagle | Corinthian,0.00,0.44
Desert Eagle | Crimson Web,0.06,0.80
Desert Eagle | Directive,0.06,1.00
Desert Eagle | Emerald Jörmungandr,0.00,0.50
Desert Eagle | Fennec Fox,0.00,0.80
Desert Eagle | Golden Koi,0.00,0.12
Desert Eagle | Hand Cannon,0.01,0.70
Desert Eagle | Heirloom,0.00,0.80
Desert Eagle | Hypnotic,0.00,0.08
Desert Eagle | Kumicho Dragon,0.00,0.76
Desert Eagle | Light Rail,0.00,0.90
Desert Eagle | Mecha Industries,0.00,0.60
Desert Eagle | Meteorite,0.00,0.18
Desert Eagle | Midnight Storm,0.00,0.75
Desert Eagle | Mudder,0.06,0.80
Desert Eagle | Naga,0.00,1.00
Desert Eagle | Night,0.06,0.80
Desert Eagle | Night Heist,0.00,0.65
Desert Eagle | Ocean Drive,0.00,1.00
Desert Eagle | Oxide Blaze,0.00,0.50
Desert Eagle | Pilot,0.00,1.00
Desert Eagle | Printstream,0.00,0.80
Desert Eagle | Sputnik,0.00,0.50
Desert Eagle | Sunset Storm 壱,0.00,0.75
Desert Eagle | Sunset Storm 弐,0.00,0.75
Desert Eagle | The Bronze,0.00,0.30
Desert Eagle | Trigger Discipline,0.00,0.97
Desert Eagle | Urban DDPAT,0.06,0.80
Desert Eagle | Urban Rubble,0.00,0.50
Dual Berettas | Anodized Navy,0.00,0.08
Dual Berettas | Balance,0.00,1.00
Dual Berettas | Black Limba,0.06,0.80
Dual Berettas | Briar,0.00,0.22
Dual Berettas | Cartel,0.00,1.00
Dual Berettas | Cobalt Quartz,0.00,0.40
Dual Berettas | Cobra Strike,0.00,0.60
Dual Berettas | Colony,0.06,0.80
Dual Berettas | Contractor,0.06,0.80
Dual Berettas | Demolition,0.26,0.60
Dual Berettas | Dezastre,0.00,1.00
Dual Berettas | Drift Wood,0.00,0.60
Dual Berettas | Dualing Dragons,0.00,1.00
Dual Berettas | Duelist,0.00,1.00
Dual Berettas | Elite 1.6,0.00,0.70
Dual Berettas | Emerald,0.00,0.08
Dual Berettas | Flora Carnivora,0.00,1.00
Dual Berettas | Heist,0.00,0.70
Dual Berettas | Hemoglobin,0.00,0.20
Dual Berettas | Marina,0.05,0.50
Dual Berettas | Melondrama,0.00,1.00
Dual Berettas | Moon in Libra,0.00,0.50
Dual Berettas | Oil Change,0.00,0.50
Dual Berettas | Panther,0.00,0.58
Dual Berettas | Pyre,0.06,0.55
Dual Berettas | Retribution,0.00,0.45
Dual Berettas | Royal Consorts,0.00,1.00
Dual Berettas | Shred,0.00,0.50
Dual Berettas | Stained,0.00,1.00
Dual Berettas | Switch Board,0.00,0.65
Dual Berettas | Tread,0.00,1.00
Dual Berettas | Twin Turbo,0.00,1.00
Dual Berettas | Urban Shock,0.00,0.47
Dual Berettas | Ventilators,0.00,0.45
FAMAS | Afterimage,0.02,0.40
FAMAS | CaliCamo,0.00,0.60
FAMAS | Colony,0.06,0.80
FAMAS | Commemoration,0.00,0.50
FAMAS | Contrast Spray,0.06,0.80
FAMAS | Crypsis,0.00,0.55
FAMAS | Cyanospatter,0.06,0.80
FAMAS | Dark Water,0.10,0.26
FAMAS | Decommissioned,0.00,1.00
FAMAS | Djinn,0.00,1.00
FAMAS | Doomkitty,0.08,0.22
FAMAS | Eye of Athena,0.00,0.70
FAMAS | Faulty Wiring,0.00,0.50
FAMAS | Hexane,0.00,0.40
FAMAS | Macabre,0.00,0.60
FAMAS | Mecha Industries,0.00,0.50
FAMAS | Meltdown,0.00,0.40
FAMAS | Meow 36,0.00,1.00
FAMAS | Neural Net,0.00,0.60
FAMAS | Night Borre,0.00,0.55
FAMAS | Prime Conspiracy,0.00,0.55
FAMAS | Pulse,0.00,0.40
FAMAS | Rapid Eye Movement,0.00,1.00
FAMAS | Roll Cage,0.00,1.00
FAMAS | Sergeant,0.10,1.00
FAMAS | Spitfire,0.06,0.80
FAMAS | Styx,0.00,0.60
FAMAS | Sundown,0.00,0.60
FAMAS | Survivor Z,0.00,0.60
FAMAS | Teardown,0.00,0.60
FAMAS | Valence,0.00,0.80
FAMAS | Waters of Nephthys,0.00,0.70
FAMAS | ZX Spectron,0.00,1.00
Falchion Knife | Autotronic,0.00,0.85
Falchion Knife | Black Laminate,0.00,1.00
Falchion Knife | Blue Steel,0.00,1.00
Falchion Knife | Boreal Forest,0.06,0.80
Falchion Knife | Bright Water,0.00,0.50
Falchion Knife | Case Hardened,0.00,1.00
Falchion Knife | Crimson Web,0.06,0.80
Falchion Knife | Damascus Steel,0.00,0.50
Falchion Knife | Doppler,0.00,0.08
Falchion Knife | Fade,0.00,0.08
Falchion Knife | Forest DDPAT,0.06,0.80
Falchion Knife | Freehand,0.00,0.48
Falchion Knife | Gamma Doppler,0.00,0.08
Falchion Knife | Lore,0.00,0.65
Falchion Knife | Marble Fade,0.00,0.08
Falchion Knife | Night,0.06,0.80
Falchion Knife | Rust Coat,0.40,1.00
Falchion Knife | Safari Mesh,0.06,0.80
Falchion Knife | Scorched,0.06,0.80
Falchion Knife | Slaughter,0.01,0.26
Falchion Knife | Stained,0.00,1.00
Falchion Knife | Tiger Tooth,0.00,0.08
Falchion Knife | Ultraviolet,0.06,0.80
Falchion Knife | Urban Masked,0.06,0.80
Falchion Knife | ★ (Vanilla),,
Five-SeveN | Angry Mob,0.00,0.70
Five-SeveN | Anodized Gunmetal,0.00,0.08
Five-SeveN | Berries And Cherries,0.00,0.10
Five-SeveN | Boost Protocol,0.00,0.41
Five-SeveN | Buddy,0.00,0.55
Five-SeveN | Candy Apple,0.00,0.30
Five-SeveN | Capillary,0.00,0.70
Five-SeveN | Case Hardened,0.00,1.00
Five-SeveN | Contractor,0.06,0.80
Five-SeveN | Coolant,0.00,0.50
Five-SeveN | Copper Galaxy,0.00,0.20
Five-SeveN | Crimson Blossom,0.00,0.50
Five-SeveN | Fairy Tale,0.02,0.90
Five-SeveN | Fall Hazard,0.01,0.52
Five-SeveN | Flame Test,0.00,0.65
Five-SeveN | Forest Night,0.06,0.80
Five-SeveN | Fowl Play,0.00,1.00
Five-SeveN | Hot Shot,0.00,1.00
Five-SeveN | Hyper Beast,0.00,1.00
Five-SeveN | Jungle,0.06,0.80
Five-SeveN | Kami,0.00,0.30
Five-SeveN | Monkey Business,0.10,0.90
Five-SeveN | Neon Kimono,0.00,0.80
Five-SeveN | Nightshade,0.00,0.50
Five-SeveN | Nitro,0.06,0.80
Five-SeveN | Orange Peel,0.06,0.80
Five-SeveN | Retrobution,0.00,1.00
Five-SeveN | Scrawl,0.00,1.00
Five-SeveN | Scumbria,0.00,1.00
Five-SeveN | Silver Quartz,0.00,0.40
Five-SeveN | Triumvirate,0.00,0.61
Five-SeveN | Urban Hazard,0.00,0.25
Five-SeveN | Violent Daimyo,0.00,0.70
Five-SeveN | Withered Vine,0.00,0.50
Flip Knife | Autotronic,0.00,0.85
Flip Knife | Black Laminate,0.00,1.00
Flip Knife | Blue Steel,0.00,1.00
Flip Knife | Boreal Forest,0.06,0.80
Flip Knife | Bright Water,0.00,0.50
Flip Knife | Case Hardened,0.00,1.00
Flip Knife | Crimson Web,0.06,0.80
Flip Knife | Damascus Steel,0.00,0.50
Flip Knife | Doppler,0.00,0.08
Flip Knife | Fade,0.00,0.08
Flip Knife | Forest DDPAT,0.06,0.80
Flip Knife | Freehand,0.00,0.48
Flip Knife | Gamma Doppler,0.00,0.08
Flip Knife | Lore,0.00,0.65
Flip Knife | Marble Fade,0.00,0.08
Flip Knife | Night,0.06,0.80
Flip Knife | Rust Coat,0.40,1.00
Flip Knife | Safari Mesh,0.06,0.80
Flip Knife | Scorched,0.06,0.80
Flip Knife | Slaughter,0.01,0.26
Flip Knife | Stained,0.00,1.00
Flip Knife | Tiger Tooth,0.00,0.08
Flip Knife | Ultraviolet,0.06,0.80
Flip Knife | Urban Masked,0.06,0.80
Flip Knife | ★ (Vanilla),,
G3SG1 | Ancient Ritual,0.00,0.76
G3SG1 | Arctic Camo,0.06,0.80
G3SG1 | Azure Zebra,0.00,0.28
G3SG1 | Black Sand,0.00,0.80
G3SG1 | Chronos,0.00,0.40
G3SG1 | Contractor,0.06,0.80
G3SG1 | Demeter,0.06,0.80
G3SG1 | Desert Storm,0.06,0.80
G3SG1 | Digital Mesh,0.00,0.80
G3SG1 | Dream Glade,0.00,1.00
G3SG1 | Flux,0.00,0.90
G3SG1 | Green Apple,0.00,0.30
G3SG1 | High Seas,0.00,0.70
G3SG1 | Hunter,0.00,1.00
G3SG1 | Jungle Dashed,0.06,0.80
G3SG1 | Keeping Tabs,0.00,0.70
G3SG1 | Murky,0.00,0.25
G3SG1 | New Roots,0.00,0.55
G3SG1 | Orange Crash,0.00,0.52
G3SG1 | Orange Kimono,0.00,0.80
G3SG1 | Polar Camo,0.06,0.80
G3SG1 | Safari Mesh,0.06,0.80
G3SG1 | Scavenger,0.00,0.65
G3SG1 | Stinger,0.00,0.70
G3SG1 | The Executioner,0.14,0.85
G3SG1 | VariCamo,0.00,0.60
G3SG1 | Ventilator,0.00,0.45
G3SG1 | Violet Murano,0.00,0.50
Galil AR | Akoben,0.00,0.75
Galil AR | Amber Fade,0.00,0.40
Galil AR | Aqua Terrace,0.00,0.70
Galil AR | Black Sand,0.00,1.00
Galil AR | Blue Titanium,0.00,0.04
Galil AR | CAUTION!,0.00,0.55
Galil AR | Cerberus,0.00,0.90
Galil AR | Chatterbox,0.35,0.85
Galil AR | Chromatic Aberration,0.00,1.00
Galil AR | Cold Fusion,0.00,0.83
Galil AR | Connexion,0.00,0.80
Galil AR | Crimson Tsunami,0.00,0.55
Galil AR | Destroyer,0.00,0.70
Galil AR | Dusk Ruins,0.00,0.60
Galil AR | Eco,0.10,0.85
Galil AR | Firefight,0.00,1.00
Galil AR | Hunting Blind,0.00,0.60
Galil AR | Kami,0.00,0.60
Galil AR | Orange DDPAT,0.06,0.80
Galil AR | Phoenix Blacklight,0.00,0.70
Galil AR | Rocket Pop,0.00,1.00
Galil AR | Sage Spray,0.06,0.80
Galil AR | Sandstorm,0.10,0.60
Galil AR | Shattered,0.06,0.80
Galil AR | Signal,0.00,0.50
Galil AR | Stone Cold,0.00,0.90
Galil AR | Sugar Rush,0.00,0.55
Galil AR | Tornado,0.06,0.80
Galil AR | Tuxedo,0.00,0.80
Galil AR | Urban Rubble,0.00,0.50
Galil AR | Vandal,0.00,1.00
Galil AR | VariCamo,0.00,0.60
Galil AR | Winter Forest,0.06,0.80
Glock-18 | Blue Fissure,0.06,0.58
Glock-18 | Brass,0.00,1.00
Glock-18 | Bullet Queen,0.00,1.00
Glock-18 | Bunsen Burner,0.00,0.80
Glock-18 | Candy Apple,0.00,0.30
Glock-18 | Catacombs,0.00,0.50
Glock-18 | Clear Polymer,0.00,1.00
Glock-18 | Death Rattle,0.08,0.50
Glock-18 | Dragon Tattoo,0.00,0.08
Glock-18 | Franklin,0.00,0.40
Glock-18 | Gamma Doppler,0.00,0.50
Glock-18 | Grinder,0.02,0.25
Glock-18 | Groundwater,0.06,0.80
Glock-18 | High Beam,0.00,0.08
Glock-18 | Ironwork,0.00,1.00
Glock-18 | Moonrise,0.00,0.65
Glock-18 | Neo-Noir,0.00,1.00
Glock-18 | Night,0.06,0.80
Glock-18 | Nuclear Garden,0.00,0.70
Glock-18 | Off World,0.00,1.00
Glock-18 | Oxide Blaze,0.00,0.85
Glock-18 | Pink DDPAT,0.06,0.80
Glock-18 | Ramese's Reach,0.00,1.00
Glock-18 | Reactor,0.00,1.00
Glock-18 | Red Tire,0.00,0.55
Glock-18 | Royal Legion,0.00,1.00
Glock-18 | Sacrifice,0.00,1.00
Glock-18 | Sand Dune,0.06,0.80
Glock-18 | Snack Attack,0.00,1.00
Glock-18 | Steel Disruption,0.00,0.20
Glock-18 | Synth Leaf,0.00,0.70
Glock-18 | Twilight Galaxy,0.00,0.20
Glock-18 | Umbral Rabbit,0.00,0.75
Glock-18 | Vogue,0.00,0.75
Glock-18 | Warhawk,0.00,1.00
Glock-18 | Wasteland Rebel,0.00,0.54
Glock-18 | Water Elemental,0.00,0.70
Glock-18 | Weasel,0.00,1.00
Glock-18 | Winterized,0.00,1.00
Glock-18 | Wraiths,0.00,0.80
Gut Knife | Autotronic,0.00,0.85
Gut Knife | Black Laminate,0.00,1.00
Gut Knife | Blue Steel,0.00,1.00
Gut Knife | Boreal Forest,0.06,0.80
Gut Knife | Bright Water,0.00,0.50
Gut Knife | Case Hardened,0.00,1.00
Gut Knife | Crimson Web,0.06,0.80
Gut Knife | Damascus Steel,0.00,0.50
Gut Knife | Doppler,0.00,0.08
Gut Knife | Fade,0.00,0.08
Gut Knife | Forest DDPAT,0.06,0.80
Gut Knife | Freehand,0.00,0.48
Gut Knife | Gamma Doppler,0.00,0.08
Gut Knife | Lore,0.00,0.65
Gut Knife | Marble Fade,0.00,0.08
Gut Knife | Night,0.06,0.80
Gut Knife | Rust Coat,0.40,1.00
Gut Knife | Safari Mesh,0.06,0.80
Gut Knife | Scorched,0.06,0.80
Gut Knife | Slaughter,0.01,0.26
Gut Knife | Stained,0.00,1.00
Gut Knife | Tiger Tooth,0.00,0.08
Gut Knife | Ultraviolet,0.06,0.80
Gut Knife | Urban Masked,0.06,0.80
Gut Knife | ★ (Vanilla),,
Huntsman Knife | Autotronic,0.00,0.85
Huntsman Knife | Black Laminate,0.00,1.00
Huntsman Knife | Blue Steel,0.00,1.00
Huntsman Knife | Boreal Forest,0.06,0.80
Huntsman Knife | Bright Water,0.00,0.50
Huntsman Knife | Case Hardened,0.00,1.00
Huntsman Knife | Crimson Web,0.06,0.80
Huntsman Knife | Damascus Steel,0.00,0.50
Huntsman Knife | Doppler,0.00,0.08
Huntsman Knife | Fade,0.00,0.08
Huntsman Knife | Forest DDPAT,0.06,0.80
Huntsman Knife | Freehand,0.00,0.48
Huntsman Knife | Gamma Doppler,0.00,0.08
Huntsman Knife | Lore,0.00,0.65
Huntsman Knife | Marble Fade,0.00,0.08
Huntsman Knife | Night,0.06,0.80
Huntsman Knife | Rust Coat,0.40,1.00
Huntsman Knife | Safari Mesh,0.06,0.80
Huntsman Knife | Scorched,0.06,0.80
Huntsman Knife | Slaughter,0.01,0.26
Huntsman Knife | Stained,0.00,1.00
Huntsman Knife | Tiger Tooth,0.00,0.08
Huntsman Knife | Ultraviolet,0.06,0.80
Huntsman Knife | Urban Masked,0.06,0.80
Huntsman Knife | ★ (Vanilla),,
Karambit | Autotronic,0.00,0.85
Karambit | Black Laminate,0.00,1.00
Karambit | Blue Steel,0.00,1.00
Karambit | Boreal Forest,0.06,0.80
Karambit | Bright Water,0.00,0.50
Karambit | Case Hardened,0.00,1.00
Karambit | Crimson Web,0.06,0.80
Karambit | Damascus Steel,0.00,0.50
Karambit | Doppler,0.00,0.08
Karambit | Fade,0.00,0.08
Karambit | Forest DDPAT,0.06,0.80
Karambit | Freehand,0.00,0.48
Karambit | Gamma Doppler,0.00,0.08
Karambit | Lore,0.00,0.65
Karambit | Marble Fade,0.00,0.08
Karambit | Night,0.06,0.80
Karambit | Rust Coat,0.40,1.00
Karambit | Safari Mesh,0.06,0.80
Karambit | Scorched,0.06,0.80
Karambit | Slaughter,0.01,0.26
Karambit | Stained,0.00,1.00
Karambit | Tiger Tooth,0.00,0.08
Karambit | Ultraviolet,0.06,0.80
Karambit | Urban Masked,0.06,0.80
Karambit | ★ (Vanilla),,
M249 | Aztec,0.00,0.75
M249 | Blizzard Marbleized,0.06,0.80
M249 | Contrast Spray,0.06,0.80
M249 | Deep Relief,0.00,1.00
M249 | Downtown,0.00,0.65
M249 | Emerald Poison Dart,0.00,0.45
M249 | Gator Mesh,0.00,0.60
M249 | Humidor,0.00,0.50
M249 | Impact Drill,0.00,1.00
M249 | Jungle,0.06,0.80
M249 | Jungle DDPAT,0.06,0.80
M249 | Magma,0.00,0.70
M249 | Midnight Palm,0.00,0.50
M249 | Nebula Crusader,0.00,1.00
M249 | O.S.I.P.R.,0.00,0.70
M249 | Predator,0.06,0.80
M249 | Shipping Forecast,0.00,0.50
M249 | Spectre,0.00,0.50
M249 | Submerged,0.02,0.80
M249 | System Lock,0.00,0.80
M249 | Warbird,0.05,0.65
M4A1-S | Atomic Alloy,0.00,0.90
M4A1-S | Basilisk,0.00,0.68
M4A1-S | Blood Tiger,0.00,0.30
M4A1-S | Blue Phosphor,0.00,0.08
M4A1-S | Boreal Forest,0.06,0.80
M4A1-S | Briefing,0.00,0.80
M4A1-S | Bright Water,0.10,0.22
M4A1-S | Chantico's Fire,0.00,0.99
M4A1-S | Control Panel,0.00,1.00
M4A1-S | Cyrex,0.00,0.50
M4A1-S | Dark Water,0.10,0.26
M4A1-S | Decimator,0.00,0.85
M4A1-S | Emphorosaur-S,0.00,0.80
M4A1-S | Fizzy POP,0.00,0.57
M4A1-S | Flashback,0.00,1.00
M4A1-S | Golden Coil,0.00,1.00
M4A1-S | Guardian,0.00,0.50
M4A1-S | Hot Rod,0.00,0.08
M4A1-S | Hyper Beast,0.00,1.00
M4A1-S | Icarus Fell,0.00,0.10
M4A1-S | Imminent Danger,0.00,0.80
M4A1-S | Knight,0.00,0.10
M4A1-S | Leaded Glass,0.00,0.70
M4A1-S | Master Piece,0.00,1.00
M4A1-S | Mecha Industries,0.00,0.80
M4A1-S | Moss Quartz,0.00,0.50
M4A1-S | Mud-Spec,0.00,0.73
M4A1-S | Night Terror,0.00,0.70
M4A1-S | Nightmare,0.00,1.00
M4A1-S | Nitro,0.06,0.80
M4A1-S | Player Two,0.00,0.84
M4A1-S | Printstream,0.00,0.80
M4A1-S | VariCamo,0.00,0.60
M4A1-S | Welcome to the Jungle,0.00,1.00
M4A4 | Asiimov,0.18,1.00
M4A4 | Bullet Rain,0.02,0.46
M4A4 | Buzz Kill,0.00,0.70
M4A4 | Converter,0.00,0.40
M4A4 | Cyber Security,0.00,0.98
M4A4 | Dark Blossom,0.00,0.50
M4A4 | Daybreak,0.00,0.60
M4A4 | Desert Storm,0.06,0.80
M4A4 | Desert-Strike,0.00,0.70
M4A4 | Desolate Space,0.00,1.00
M4A4 | Evil Daimyo,0.00,0.52
M4A4 | Eye of Horus,0.00,0.70
M4A4 | Faded Zebra,0.06,0.80
M4A4 | Global Offensive,0.00,0.70
M4A4 | Griffin,0.00,0.80
M4A4 | Hellfire,0.00,0.50
M4A4 | Howl,0.00,0.40
M4A4 | In Living Color,0.00,0.79
M4A4 | Jungle Tiger,0.06,0.80
M4A4 | Magnesium,0.00,1.00
M4A4 | Mainframe,0.00,0.50
M4A4 | Modern Hunter,0.06,0.80
M4A4 | Neo-Noir,0.00,0.90
M4A4 | Poly Mag,0.00,1.00
M4A4 | Poseidon,0.00,0.33
M4A4 | Radiation Hazard,0.06,0.80
M4A4 | Red DDPAT,0.00,0.50
M4A4 | Royal Paladin,0.00,0.80
M4A4 | Spider Lily,0.00,1.00
M4A4 | Temukau,0.00,0.80
M4A4 | The Battlestar,0.00,0.64
M4A4 | The Coalition,0.00,1.00
M4A4 | The Emperor,0.00,0.80
M4A4 | Tooth Fairy,0.00,0.73
M4A4 | Tornado,0.06,0.80
M4A4 | Urban DDPAT,0.06,0.80
M4A4 | X-Ray,0.00,0.30
M4A4 | Zirka,0.06,0.42
M4A4 | 龍王 (Dragon King),0.00,0.75
M9 Bayonet | Autotronic,0.00,0.85
M9 Bayonet | Black Laminate,0.00,1.00
M9 Bayonet | Blue Steel,0.00,1.00
M9 Bayonet | Boreal Forest,0.06,0.80
M9 Bayonet | Bright Water,0.00,0.50
M9 Bayonet | Case Hardened,0.00,1.00
M9 Bayonet | Crimson Web,0.06,0.80
M9 Bayonet | Damascus Steel,0.00,0.50
M9 Bayonet | Doppler,0.00,0.08
M9 Bayonet | Fade,0.00,0.08
M9 Bayonet | Forest DDPAT,0.06,0.80
M9 Bayonet | Freehand,0.00,0.48
M9 Bayonet | Gamma Doppler,0.00,0.08
M9 Bayonet | Lore,0.00,0.65
M9 Bayonet | Marble Fade,0.00,0.08
M9 Bayonet | Night,0.06,0.80
M9 Bayonet | Rust Coat,0.40,1.00
M9 Bayonet | Safari Mesh,0.06,0.80
M9 Bayonet | Scorched,0.06,0.80
M9 Bayonet | Slaughter,0.01,0.26
M9 Bayonet | Stained,0.00,1.00
M9 Bayonet | Tiger Tooth,0.00,0.08
M9 Bayonet | Ultraviolet,0.06,0.80
M9 Bayonet | Urban Masked,0.06,0.80
M9 Bayonet | ★ (Vanilla),,
MAC-10 | Allure,0.00,1.00
MAC-10 | Aloha,0.00,0.65
MAC-10 | Amber Fade,0.00,0.40
MAC-10 | Button Masher,0.00,1.00
MAC-10 | Calf Skin,0.00,1.00
MAC-10 | Candy Apple,0.00,0.30
MAC-10 | Carnivore,0.00,1.00
MAC-10 | Case Hardened,0.00,1.00
MAC-10 | Classic Crate,0.00,1.00
MAC-10 | Commuter,0.00,1.00
MAC-10 | Copper Borre,0.00,0.50
MAC-10 | Curse,0.00,0.50
MAC-10 | Disco Tech,0.00,1.00
MAC-10 | Echoing Sands,0.02,0.80
MAC-10 | Ensnared,0.00,0.90
MAC-10 | Fade,0.00,0.08
MAC-10 | Gold Brick,0.00,0.70
MAC-10 | Graven,0.06,0.80
MAC-10 | Heat,0.00,1.00
MAC-10 | Hot Snakes,0.00,1.00
MAC-10 | Indigo,0.06,0.80
MAC-10 | Lapis Gator,0.00,0.50
MAC-10 | Last Dive,0.00,0.52
MAC-10 | Malachite,0.00,0.50
MAC-10 | Monkeyflage,0.00,1.00
MAC-10 | Neon Rider,0.00,0.45
MAC-10 | Nuclear Garden,0.00,0.70
MAC-10 | Oceanic,0.00,0.60
MAC-10 | Palm,0.06,0.80
MAC-10 | Pipe Down,0.00,0.90
MAC-10 | Propaganda,0.00,0.62
MAC-10 | Rangeen,0.00,0.50
MAC-10 | Red Filigree,0.00,0.50
MAC-10 | Sakkaku,0.21,0.79
MAC-10 | Sienna Damask,0.00,0.60
MAC-10 | Silver,0.00,0.08
MAC-10 | Stalker,0.00,1.00
MAC-10 | Strats,0.00,0.60
MAC-10 | Surfwood,0.00,0.50
MAC-10 | Tatter,0.00,0.50
MAC-10 | Tornado,0.06,0.80
MAC-10 | Toybox,0.00,1.00
MAC-10 | Ultraviolet,0.06,0.80
MAC-10 | Urban DDPAT,0.06,0.80
MAC-10 | Whitefish,0.00,1.00
MAG-7 | BI83 Spectrum,0.00,0.60
MAG-7 | Bulldozer,0.06,0.80
MAG-7 | Carbon Fiber,0.00,0.12
MAG-7 | Chainmail,0.00,0.22
MAG-7 | Cinquedea,0.00,1.00
MAG-7 | Cobalt Core,0.00,0.50
MAG-7 | Copper Coated,0.00,1.00
MAG-7 | Core Breach,0.00,1.00
MAG-7 | Counter Terrace,0.00,0.65
MAG-7 | Firestarter,0.06,0.49
MAG-7 | Foresight,0.00,0.70
MAG-7 | Hard Water,0.00,0.45
MAG-7 | Hazard,0.06,0.80
MAG-7 | Heat,0.00,1.00
MAG-7 | Heaven Guard,0.00,0.40
MAG-7 | Insomnia,0.00,1.00
MAG-7 | Irradiated Alert,0.06,0.80
MAG-7 | Justice,0.00,1.00
MAG-7 | Memento,0.02,0.18
MAG-7 | Metallic DDPAT,0.00,0.08
MAG-7 | Monster Call,0.00,1.00
MAG-7 | Navy Sheen,0.00,0.55
MAG-7 | Petroglyph,0.00,0.44
MAG-7 | Popdog,0.00,0.80
MAG-7 | Praetorian,0.00,0.45
MAG-7 | Prism Terrace,0.00,0.37
MAG-7 | Rust Coat,0.00,1.00
MAG-7 | SWAG-7,0.00,0.92
MAG-7 | Sand Dune,0.06,0.80
MAG-7 | Seabird,0.00,1.00
MAG-7 | Silver,0.00,0.08
MAG-7 | Sonar,0.00,0.45
MAG-7 | Storm,0.06,0.80
MP5-SD | Acid Wash,0.00,0.68
MP5-SD | Agent,0.00,1.00
MP5-SD | Autumn Twilly,0.00,0.58
MP5-SD | Bamboo Garden,0.00,0.55
MP5-SD | Co-Processor,0.00,0.50
MP5-SD | Condition Zero,0.00,1.00
MP5-SD | Desert Strike,0.00,1.00
MP5-SD | Dirt Drop,0.06,0.80
MP5-SD | Gauss,0.00,1.00
MP5-SD | Kitbash,0.00,0.80
MP5-SD | Lab Rats,0.00,0.35
MP5-SD | Liquidation,0.00,1.00
MP5-SD | Necro Jr.,0.00,1.00
MP5-SD | Nitro,0.06,0.80
MP5-SD | Oxide Oasis,0.00,0.55
MP5-SD | Phosphor,0.00,0.80
MP7 | Abyssal Apparition,0.00,1.00
MP7 | Akoben,0.00,0.70
MP7 | Anodized Navy,0.00,0.08
MP7 | Armor Core,0.00,0.50
MP7 | Army Recon,0.06,0.80
MP7 | Asterion,0.00,0.55
MP7 | Bloodsport,0.00,0.65
MP7 | Cirrus,0.00,0.75
MP7 | Fade,0.00,0.25
MP7 | Forest DDPAT,0.06,0.80
MP7 | Full Stop,0.00,0.60
MP7 | Groundwater,0.06,0.80
MP7 | Guerrilla,0.00,1.00
MP7 | Gunsmoke,0.06,0.80
MP7 | Impire,0.00,0.40
MP7 | Mischief,0.10,1.00
MP7 | Motherboard,0.00,0.50
MP7 | Nemesis,0.00,0.32
MP7 | Neon Ply,0.00,1.00
MP7 | Ocean Foam,0.00,0.08
MP7 | Olive Plaid,0.00,0.58
MP7 | Orange Peel,0.06,0.80
MP7 | Powercore,0.00,0.80
MP7 | Prey,0.00,0.48
MP7 | Scorched,0.06,0.80
MP7 | Skulls,0.10,0.26
MP7 | Special Delivery,0.00,0.62
MP7 | Sunbaked,0.00,1.00
MP7 | Tall Grass,0.00,0.65
MP7 | Teal Blossom,0.00,0.50
MP7 | Urban Hazard,0.00,0.50
MP7 | Vault Heist,0.00,0.60
MP7 | Whiteout,0.06,0.80
MP9 | Airlock,0.00,1.00
MP9 | Army Sheen,0.00,0.30
MP9 | Bioleak,0.00,0.50
MP9 | Black Sand,0.00,1.00
MP9 | Bulldozer,0.06,0.80
MP9 | Capillary,0.00,0.70
MP9 | Dark Age,0.00,0.22
MP9 | Dart,0.00,0.46
MP9 | Deadly Poison,0.00,1.00
MP9 | Dry Season,0.06,0.80
MP9 | Featherweight,0.00,1.00
MP9 | Food Chain,0.00,1.00
MP9 | Goo,0.00,0.60
MP9 | Green Plaid,0.00,0.58
MP9 | Hot Rod,0.00,0.08
MP9 | Hydra,0.00,1.00
MP9 | Hypnotic,0.00,0.08
MP9 | Modest Threat,0.00,0.75
MP9 | Mount Fuji,0.00,0.55
MP9 | Music Box,0.00,0.55
MP9 | Old Roots,0.00,0.50
MP9 | Orange Peel,0.06,0.80
MP9 | Pandora's Box,0.00,0.30
MP9 | Rose Iron,0.00,0.30
MP9 | Ruby Poison Dart,0.00,0.50
MP9 | Sand Dashed,0.06,0.80
MP9 | Sand Scale,0.00,0.45
MP9 | Setting Sun,0.00,1.00
MP9 | Slide,0.06,0.80
MP9 | Stained Glass,0.00,0.50
MP9 | Starlight Protector,0.00,0.80
MP9 | Storm,0.06,0.80
MP9 | Wild Lily,0.00,0.70
Navaja Knife | Blue Steel,0.00,1.00
Navaja Knife | Boreal Forest,0.06,0.80
Navaja Knife | Case Hardened,0.00,1.00
Navaja Knife | Crimson Web,0.06,0.80
Navaja Knife | Damascus Steel,0.00,0.50
Navaja Knife | Doppler,0.00,0.08
Navaja Knife | Fade,0.00,0.08
Navaja Knife | Forest DDPAT,0.06,0.80
Navaja Knife | Marble Fade,0.00,0.08
Navaja Knife | Night Stripe,0.06,0.80
Navaja Knife | Rust Coat,0.40,1.00
Navaja Knife | Safari Mesh,0.06,0.80
Navaja Knife | Scorched,0.06,0.80
Navaja Knife | Slaughter,0.01,0.26
Navaja Knife | Stained,0.00,1.00
Navaja Knife | Tiger Tooth,0.00,0.08
Navaja Knife | Ultraviolet,0.06,0.80
Navaja Knife | Urban Masked,0.06,0.80
Navaja Knife | ★ (Vanilla),,
Negev | Anodized Navy,0.00,0.08
Negev | Army Sheen,0.00,0.30
Negev | Boroque Sand,0.00,1.00
Negev | Bratatat,0.00,1.00
Negev | Bulkhead,0.00,0.50
Negev | CaliCamo,0.00,0.60
Negev | Dazzle,0.10,0.65
Negev | Desert-Strike,0.00,0.50
Negev | Drop Me,0.00,1.00
Negev | Infrastructure,0.00,0.49
Negev | Lionfish,0.00,0.55
Negev | Loudmouth,0.14,0.65
Negev | Man-o'-war,0.10,0.20
Negev | Mjölnir,0.00,0.60
Negev | Nuclear Waste,0.00,0.40
Negev | Palm,0.06,0.80
Negev | Phoenix Stencil,0.00,0.65
Negev | Power Loader,0.00,1.00
Negev | Prototype,0.00,0.70
Negev | Terrain,0.00,0.45
Negev | Ultralight,0.00,0.79
Negev | dev_texture,0.00,0.65
Nomad Knife | Blue Steel,0.00,1.00
Nomad Knife | Boreal Forest,0.06,0.80
Nomad Knife | Case Hardened,0.00,1.00
Nomad Knife | Crimson Web,0.06,0.80
Nomad Knife | Fade,0.00,0.08
Nomad Knife | Forest DDPAT,0.06,0.80
Nomad Knife | Night Stripe,0.06,0.80
Nomad Knife | Safari Mesh,0.06,0.80
Nomad Knife | Scorched,0.06,0.80
Nomad Knife | Slaughter,0.01,0.26
Nomad Knife | Stained,0.00,1.00
Nomad Knife | Urban Masked,0.06,0.80
Nomad Knife | ★ (Vanilla),,
Nova | Antique,0.00,0.30
Nova | Army Sheen,0.00,0.30
Nova | Baroque Orange,0.00,0.50
Nova | Blaze Orange,0.06,0.80
Nova | Bloomstick,0.06,0.80
Nova | Caged Steel,0.00,0.20
Nova | Candy Apple,0.00,0.30
Nova | Clear Polymer,0.00,1.00
Nova | Exo,0.00,0.50
Nova | Forest Leaves,0.06,0.80
Nova | Ghost Camo,0.00,0.40
Nova | Gila,0.00,0.30
Nova | Graphite,0.00,0.12
Nova | Green Apple,0.00,0.30
Nova | Hyper Beast,0.00,0.60
Nova | Interlock,0.00,0.50
Nova | Koi,0.00,0.30
Nova | Mandrel,0.00,0.50
Nova | Modern Hunter,0.06,0.80
Nova | Moon in Libra,0.00,0.50
Nova | Plume,0.00,0.80
Nova | Polar Mesh,0.06,0.80
Nova | Predator,0.06,0.80
Nova | Quick Sand,0.00,0.50
Nova | Ranger,0.00,1.00
Nova | Red Quartz,0.00,0.40
Nova | Rising Skull,0.00,0.50
Nova | Rust Coat,0.00,0.80
Nova | Sand Dune,0.06,0.80
Nova | Sobek's Bite,0.00,1.00
Nova | Tempest,0.06,0.22
Nova | Toy Soldier,0.00,1.00
Nova | Walnut,0.06,0.80
Nova | Wild Six,0.00,0.80
Nova | Windblown,0.00,0.50
Nova | Wood Fired,0.00,0.75
P2000 | Acid Etched,0.00,1.00
P2000 | Amber Fade,0.00,0.40
P2000 | Chainmail,0.00,0.22
P2000 | Coach Class,0.00,1.00
P2000 | Corticera,0.06,0.30
P2000 | Dispatch,0.00,0.65
P2000 | Fire Elemental,0.00,0.60
P2000 | Gnarled,0.00,1.00
P2000 | Granite Marbleized,0.06,0.80
P2000 | Grassland,0.06,0.80
P2000 | Grassland Leaves,0.06,0.80
P2000 | Handgun,0.00,1.00
P2000 | Imperial,0.00,0.20
P2000 | Imperial Dragon,0.00,0.63
P2000 | Ivory,0.00,1.00
P2000 | Lifted Spirits,0.00,1.00
P2000 | Obsidian,0.00,1.00
P2000 | Ocean Foam,0.00,0.12
P2000 | Oceanic,0.00,0.60
P2000 | Panther Camo,0.00,0.50
P2000 | Pathfinder,0.00,0.35
P2000 | Pulse,0.00,0.60
P2000 | Red FragCam,0.00,0.70
P2000 | Scorpion,0.00,0.08
P2000 | Silver,0.00,0.08
P2000 | Space Race,0.00,0.60
P2000 | Turf,0.00,1.00
P2000 | Urban Hazard,0.00,1.00
P2000 | Wicked Sick,0.00,1.00
P2000 | Woodsman,0.00,0.80
P250 | Apep's Curse,0.00,1.00
P250 | Asiimov,0.10,1.00
P250 | Bengal Tiger,0.06,0.80
P250 | Black & Tan,0.00,0.50
P250 | Bone Mask,0.06,0.80
P250 | Boreal Forest,0.06,0.80
P250 | Cartel,0.00,0.75
P250 | Cassette,0.00,0.60
P250 | Contaminant,0.00,0.70
P250 | Contamination,0.00,0.83
P250 | Crimson Kimono,0.00,0.80
P250 | Cyber Shell,0.00,0.85
P250 | Dark Filigree,0.00,0.50
P250 | Digital Architect,0.00,0.49
P250 | Drought,0.00,0.44
P250 | Exchanger,0.00,0.50
P250 | Facets,0.06,0.80
P250 | Facility Draft,0.00,0.50
P250 | Forest Night,0.06,0.80
P250 | Franklin,0.00,0.40
P250 | Gunsmoke,0.06,0.80
P250 | Hive,0.00,0.30
P250 | Inferno,0.00,0.68
P250 | Iron Clad,0.05,0.80
P250 | Mehndi,0.00,1.00
P250 | Metallic DDPAT,0.00,0.08
P250 | Mint Kimono,0.00,0.80
P250 | Modern Hunter,0.06,0.80
P250 | Muertos,0.00,0.60
P250 | Nevermore,0.00,0.40
P250 | Nuclear Threat,0.06,0.80
P250 | Re.built,0.00,0.90
P250 | Red Rock,0.00,1.00
P250 | Ripple,0.00,0.50
P250 | Sand Dune,0.06,0.80
P250 | See Ya Later,0.00,0.70
P250 | Splash,0.06,0.18
P250 | Steel Disruption,0.00,0.20
P250 | Supernova,0.00,0.40
P250 | Undertow,0.00,0.20
P250 | Valence,0.00,0.80
P250 | Verdigris,0.00,0.70
P250 | Vino Primo,0.00,1.00
P250 | Visions,0.00,0.70
P250 | Whiteout,0.06,0.80
P250 | Wingshot,0.00,0.90
P250 | X-Ray,0.00,0.30
P90 | Ancient Earth,0.00,0.50
P90 | Ash Wood,0.00,0.45
P90 | Asiimov,0.00,0.92
P90 | Astral Jörmungandr,0.00,0.50
P90 | Baroque Red,0.00,0.50
P90 | Blind Spot,0.00,0.50
P90 | Chopper,0.00,0.60
P90 | Cocoa Rampage,0.00,0.60
P90 | Cold Blooded,0.00,0.08
P90 | Death Grip,0.00,1.00
P90 | Death by Kitty,0.08,0.32
P90 | Desert DDPAT,0.00,0.50
P90 | Desert Warfare,0.00,0.50
P90 | Elite Build,0.00,1.00
P90 | Emerald Dragon,0.06,0.52
P90 | Facility Negative,0.00,0.50
P90 | Fallout Warning,0.06,0.80
P90 | Freight,0.00,1.00
P90 | Glacier Mesh,0.06,0.80
P90 | Grim,0.00,0.80
P90 | Leather,0.00,1.00
P90 | Module,0.00,0.35
P90 | Neoqueen,0.00,0.60
P90 | Nostalgia,0.00,0.57
P90 | Off World,0.00,0.75
P90 | Run and Hide,0.00,1.00
P90 | Sand Spray,0.06,0.80
P90 | ScaraB Rush,0.00,1.00
P90 | Schematic,0.00,0.50
P90 | Scorched,0.06,0.80
P90 | Shallow Grave,0.00,0.75
P90 | Shapewood,0.00,1.00
P90 | Storm,0.06,0.80
P90 | Sunset Lily,0.00,0.50
P90 | Teardown,0.00,0.60
P90 | Tiger Pit,0.00,0.50
P90 | Traction,0.00,1.00
P90 | Trigon,0.08,0.75
P90 | Vent Rush,0.00,0.70
P90 | Verdant Growth,0.00,0.47
P90 | Virus,0.06,0.80
PP-Bizon | Anolis,0.00,0.50
PP-Bizon | Antique,0.00,0.50
PP-Bizon | Bamboo Print,0.00,0.80
PP-Bizon | Blue Streak,0.06,0.80
PP-Bizon | Brass,0.00,1.00
PP-Bizon | Breaker Box,0.00,0.44
PP-Bizon | Candy Apple,0.00,0.30
PP-Bizon | Carbon Fiber,0.00,0.12
PP-Bizon | Chemical Green,0.00,0.90
PP-Bizon | Cobalt Halftone,0.05,0.45
PP-Bizon | Death Rattle,0.08,0.50
PP-Bizon | Embargo,0.00,1.00
PP-Bizon | Facility Sketch,0.00,0.50
PP-Bizon | Forest Leaves,0.06,0.80
PP-Bizon | Fuel Rod,0.00,1.00
PP-Bizon | Harvester,0.00,1.00
PP-Bizon | High Roller,0.00,1.00
PP-Bizon | Irradiated Alert,0.06,0.80
PP-Bizon | Judgement of Anubis,0.00,0.50
PP-Bizon | Jungle Slipstream,0.00,0.50
PP-Bizon | Lumen,0.00,0.77
PP-Bizon | Modern Hunter,0.06,0.80
PP-Bizon | Night Ops,0.00,0.60
PP-Bizon | Night Riot,0.00,0.80
PP-Bizon | Osiris,0.00,0.50
PP-Bizon | Photic Zone,0.00,1.00
PP-Bizon | Runic,0.00,1.00
PP-Bizon | Rust Coat,0.00,1.00
PP-Bizon | Sand Dashed,0.06,0.80
PP-Bizon | Seabird,0.00,0.50
PP-Bizon | Space Cat,0.00,0.67
PP-Bizon | Urban Dashed,0.06,0.80
PP-Bizon | Water Sigil,0.00,0.50
Paracord Knife | Blue Steel,0.00,1.00
Paracord Knife | Boreal Forest,0.06,0.80
Paracord Knife | Case Hardened,0.00,1.00
Paracord Knife | Crimson Web,0.06,0.80
Paracord Knife | Fade,0.00,0.08
Paracord Knife | Forest DDPAT,0.06,0.80
Paracord Knife | Night Stripe,0.06,0.80
Paracord Knife | Safari Mesh,0.06,0.80
Paracord Knife | Scorched,0.06,0.80
Paracord Knife | Slaughter,0.01,0.26
Paracord Knife | Stained,0.00,1.00
Paracord Knife | Urban Masked,0.06,0.80
Paracord Knife | ★ (Vanilla),,
R8 Revolver | Amber Fade,0.00,0.40
R8 Revolver | Banana Cannon,0.00,1.00
R8 Revolver | Blaze,0.00,0.08
R8 Revolver | Bone Forged,0.00,0.60
R8 Revolver | Bone Mask,0.06,0.80
R8 Revolver | Canal Spray,0.06,0.60
R8 Revolver | Crazy 8,0.00,1.00
R8 Revolver | Crimson Web,0.06,0.80
R8 Revolver | Desert Brush,0.00,0.60
R8 Revolver | Fade,0.00,0.40
R8 Revolver | Grip,0.00,1.00
R8 Revolver | Inlay,0.00,0.76
R8 Revolver | Junk Yard,0.00,1.00
R8 Revolver | Llama Cannon,0.03,0.70
R8 Revolver | Memento,0.00,0.80
R8 Revolver | Night,0.06,0.80
R8 Revolver | Nitro,0.06,0.80
R8 Revolver | Phoenix Marker,0.00,0.60
R8 Revolver | Reboot,0.00,1.00
R8 Revolver | Skull Crusher,0.25,0.80
R8 Revolver | Survivalist,0.00,0.70
SCAR-20 | Army Sheen,0.00,0.30
SCAR-20 | Assault,0.00,0.62
SCAR-20 | Bloodsport,0.00,0.45
SCAR-20 | Blueprint,0.00,0.75
SCAR-20 | Brass,0.00,1.00
SCAR-20 | Carbon Fiber,0.00,0.12
SCAR-20 | Cardiac,0.00,1.00
SCAR-20 | Contractor,0.06,0.80
SCAR-20 | Crimson Web,0.06,0.80
SCAR-20 | Cyrex,0.00,0.50
SCAR-20 | Emerald,0.00,0.08
SCAR-20 | Enforcer,0.00,1.00
SCAR-20 | Fragments,0.00,0.78
SCAR-20 | Green Marine,0.00,0.80
SCAR-20 | Grotto,0.00,0.50
SCAR-20 | Jungle Slipstream,0.00,0.50
SCAR-20 | Magna Carta,0.00,0.60
SCAR-20 | Outbreak,0.00,0.50
SCAR-20 | Palm,0.06,0.80
SCAR-20 | Poultrygeist,0.00,0.57
SCAR-20 | Powercore,0.00,1.00
SCAR-20 | Sand Mesh,0.06,0.80
SCAR-20 | Splash Jam,0.06,0.80
SCAR-20 | Stone Mosaico,0.06,0.50
SCAR-20 | Storm,0.06,0.80
SCAR-20 | Torn,0.00,0.45
SG 553 | Aerial,0.00,0.60
SG 553 | Aloha,0.00,0.55
SG 553 | Anodized Navy,0.00,0.08
SG 553 | Army Sheen,0.00,0.30
SG 553 | Atlas,0.00,0.81
SG 553 | Barricade,0.00,0.65
SG 553 | Bleached,0.00,0.50
SG 553 | Bulldozer,0.06,0.80
SG 553 | Candy Apple,0.00,0.70
SG 553 | Colony IV,0.00,1.00
SG 553 | Cyberforce,0.00,0.90
SG 553 | Cyrex,0.00,1.00
SG 553 | Damascus Steel,0.00,1.00
SG 553 | Danger Close,0.02,0.80
SG 553 | Darkwing,0.00,1.00
SG 553 | Desert Blossom,0.00,0.49
SG 553 | Dragon Tech,0.00,0.70
SG 553 | Fallout Warning,0.00,0.80
SG 553 | Gator Mesh,0.00,0.60
SG 553 | Hazard Pay,0.00,0.48
SG 553 | Heavy Metal,0.00,1.00
SG 553 | Hypnotic,0.00,0.08
SG 553 | Integrale,0.00,1.00
SG 553 | Lush Ruins,0.00,0.70
SG 553 | Ol' Rusty,0.00,0.70
SG 553 | Phantom,0.00,0.60
SG 553 | Pulse,0.10,0.60
SG 553 | Tiger Moth,0.00,1.00
SG 553 | Tornado,0.06,0.80
SG 553 | Traveler,0.00,1.00
SG 553 | Triarch,0.00,1.00
SG 553 | Ultraviolet,0.06,0.80
SG 553 | Wave Spray,0.06,0.80
SG 553 | Waves Perforated,0.06,0.80
SSG 08 | Abyss,0.00,1.00
SSG 08 | Acid Fade,0.00,0.03
SSG 08 | Azure Glyph,0.01,0.99
SSG 08 | Big Iron,0.00,0.64
SSG 08 | Blood in the Water,0.06,0.20
SSG 08 | Bloodshot,0.14,0.60
SSG 08 | Blue Spruce,0.06,0.80
SSG 08 | Carbon Fiber,0.00,0.12
SSG 08 | Dark Water,0.10,0.26
SSG 08 | Death Strike,0.00,0.80
SSG 08 | Death's Head,0.00,0.51
SSG 08 | Detour,0.00,0.43
SSG 08 | Dragonfire,0.00,0.50
SSG 08 | Fever Dream,0.00,0.72
SSG 08 | Ghost Crusader,0.00,1.00
SSG 08 | Hand Brake,0.00,1.00
SSG 08 | Jungle Dashed,0.06,0.80
SSG 08 | Lichen Dashed,0.06,0.80
SSG 08 | Mainframe 001,0.00,1.00
SSG 08 | Mayan Dreams,0.06,0.80
SSG 08 | Necropos,0.00,1.00
SSG 08 | Orange Filigree,0.00,0.50
SSG 08 | Parallax,0.00,1.00
SSG 08 | Prey,0.00,0.48
SSG 08 | Red Stone,0.06,0.50
SSG 08 | Sand Dune,0.06,0.80
SSG 08 | Sea Calico,0.00,0.50
SSG 08 | Slashed,0.15,0.80
SSG 08 | Spring Twilly,0.00,0.55
SSG 08 | Threat Detected,0.00,0.65
SSG 08 | Tropical Storm,0.06,0.80
SSG 08 | Turbo Peek,0.00,0.60
Sawed-Off | Amber Fade,0.00,0.40
Sawed-Off | Apocalypto,0.00,1.00
Sawed-Off | Bamboo Shadow,0.00,0.60
Sawed-Off | Black Sand,0.00,0.90
Sawed-Off | Brake Light,0.00,0.08
Sawed-Off | Clay Ambush,0.00,0.60
Sawed-Off | Copper,0.00,1.00
Sawed-Off | Devourer,0.00,0.80
Sawed-Off | First Class,0.00,0.50
Sawed-Off | Forest DDPAT,0.06,0.80
Sawed-Off | Fubar,0.40,1.00
Sawed-Off | Full Stop,0.00,0.60
Sawed-Off | Highwayman,0.00,1.00
Sawed-Off | Irradiated Alert,0.06,0.80
Sawed-Off | Jungle Thicket,0.00,0.50
Sawed-Off | Kiss♥Love,0.00,1.00
Sawed-Off | Limelight,0.00,1.00
Sawed-Off | Morris,0.00,1.00
Sawed-Off | Mosaico,0.06,0.80
Sawed-Off | Orange DDPAT,0.06,0.80
Sawed-Off | Origami,0.00,0.55
Sawed-Off | Parched,0.00,0.49
Sawed-Off | Rust Coat,0.00,0.80
Sawed-Off | Sage Spray,0.06,0.80
Sawed-Off | Serenity,0.00,0.50
Sawed-Off | Snake Camo,0.06,0.80
Sawed-Off | Spirit Board,0.00,1.00
Sawed-Off | The Kraken,0.00,0.40
Sawed-Off | Wasteland Princess,0.00,0.70
Sawed-Off | Yorick,0.00,1.00
Sawed-Off | Zander,0.05,1.00
Shadow Daggers | Autotronic,0.00,0.85
Shadow Daggers | Black Laminate,0.00,1.00
Shadow Daggers | Blue Steel,0.00,1.00
Shadow Daggers | Boreal Forest,0.06,0.80
Shadow Daggers | Bright Water,0.00,0.50
Shadow Daggers | Case Hardened,0.00,1.00
Shadow Daggers | Crimson Web,0.06,0.80
Shadow Daggers | Damascus Steel,0.00,0.50
Shadow Daggers | Doppler,0.00,0.08
Shadow Daggers | Fade,0.00,0.08
Shadow Daggers | Forest DDPAT,0.06,0.80
Shadow Daggers | Freehand,0.00,0.48
Shadow Daggers | Gamma Doppler,0.00,0.08
Shadow Daggers | Lore,0.00,1.00
Shadow Daggers | Marble Fade,0.00,0.08
Shadow Daggers | Night,0.06,0.80
Shadow Daggers | Rust Coat,0.40,1.00
Shadow Daggers | Safari Mesh,0.06,0.80
Shadow Daggers | Scorched,0.06,0.80
Shadow Daggers | Slaughter,0.01,0.26
Shadow Daggers | Stained,0.00,1.00
Shadow Daggers | Tiger Tooth,0.00,0.08
Shadow Daggers | Ultraviolet,0.06,0.80
Shadow Daggers | Urban Masked,0.06,0.80
Shadow Daggers | ★ (Vanilla),,
Skeleton Knife | Blue Steel,0.00,1.00
Skeleton Knife | Boreal Forest,0.06,0.80
Skeleton Knife | Case Hardened,0.00,1.00
Skeleton Knife | Crimson Web,0.06,0.80
Skeleton Knife | Fade,0.00,0.08
Skeleton Knife | Forest DDPAT,0.06,0.80
Skeleton Knife | Night Stripe,0.06,0.80
Skeleton Knife | Safari Mesh,0.06,0.80
Skeleton Knife | Scorched,0.06,0.80
Skeleton Knife | Slaughter,0.01,0.26
Skeleton Knife | Stained,0.00,1.00
Skeleton Knife | Urban Masked,0.06,0.80
Skeleton Knife | ★ (Vanilla),,
Stiletto Knife | Blue Steel,0.00,1.00
Stiletto Knife | Boreal Forest,0.06,0.80
Stiletto Knife | Case Hardened,0.00,1.00
Stiletto Knife | Crimson Web,0.06,0.80
Stiletto Knife | Damascus Steel,0.00,0.50
Stiletto Knife | Doppler,0.00,0.08
Stiletto Knife | Fade,0.00,0.08
Stiletto Knife | Forest DDPAT,0.06,0.80
Stiletto Knife | Marble Fade,0.00,0.08
Stiletto Knife | Night Stripe,0.06,0.80
Stiletto Knife | Rust Coat,0.40,1.00
Stiletto Knife | Safari Mesh,0.06,0.80
Stiletto Knife | Scorched,0.06,0.80
Stiletto Knife | Slaughter,0.01,0.26
Stiletto Knife | Stained,0.00,1.00
Stiletto Knife | Tiger Tooth,0.00,0.08
Stiletto Knife | Ultraviolet,0.06,0.80
Stiletto Knife | Urban Masked,0.06,0.80
Stiletto Knife | ★ (Vanilla),,
Survival Knife | Blue Steel,0.00,1.00
Survival Knife | Boreal Forest,0.06,0.80
Survival Knife | Case Hardened,0.00,1.00
Survival Knife | Crimson Web,0.06,0.80
Survival Knife | Fade,0.00,0.08
Survival Knife | Forest DDPAT,0.06,0.80
Survival Knife | Night Stripe,0.06,0.80
Survival Knife | Safari Mesh,0.06,0.80
Survival Knife | Scorched,0.06,0.80
Survival Knife | Slaughter,0.01,0.26
Survival Knife | Stained,0.00,1.00
Survival Knife | Urban Masked,0.06,0.80
Survival Knife | ★ (Vanilla),,
Talon Knife | Blue Steel,0.00,1.00
Talon Knife | Boreal Forest,0.06,0.80
Talon Knife | Case Hardened,0.00,1.00
Talon Knife | Crimson Web,0.06,0.80
Talon Knife | Damascus Steel,0.00,0.50
Talon Knife | Doppler,0.00,0.08
Talon Knife | Fade,0.00,0.08
Talon Knife | Forest DDPAT,0.06,0.80
Talon Knife | Marble Fade,0.00,0.08
Talon Knife | Night Stripe,0.06,0.80
Talon Knife | Rust Coat,0.40,1.00
Talon Knife | Safari Mesh,0.06,0.80
Talon Knife | Scorched,0.06,0.80
Talon Knife | Slaughter,0.01,0.26
Talon Knife | Stained,0.00,1.00
Talon Knife | Tiger Tooth,0.00,0.08
Talon Knife | Ultraviolet,0.06,0.80
Talon Knife | Urban Masked,0.06,0.80
Talon Knife | ★ (Vanilla),,
Tec-9 | Army Mesh,0.00,0.60
Tec-9 | Avalanche,0.00,1.00
Tec-9 | Bamboo Forest,0.00,0.60
Tec-9 | Bamboozle,0.00,0.80
Tec-9 | Blast From the Past,0.00,0.65
Tec-9 | Blue Titanium,0.00,0.04
Tec-9 | Brass,0.00,1.00
Tec-9 | Brother,0.00,1.00
Tec-9 | Cracked Opal,0.00,1.00
Tec-9 | Cut Out,0.00,1.00
Tec-9 | Decimator,0.00,0.75
Tec-9 | Flash Out,0.00,0.70
Tec-9 | Fubar,0.14,1.00
Tec-9 | Fuel Injector,0.00,1.00
Tec-9 | Groundwater,0.06,0.80
Tec-9 | Hades,0.00,1.00
Tec-9 | Ice Cap,0.00,0.50
Tec-9 | Isaac,0.00,1.00
Tec-9 | Jambiya,0.00,1.00
Tec-9 | Mummy's Rot,0.00,1.00
Tec-9 | Nuclear Threat,0.06,0.80
Tec-9 | Orange Murano,0.00,1.00
Tec-9 | Ossified,0.00,0.08
Tec-9 | Phoenix Chalk,0.00,0.80
Tec-9 | Re-Entry,0.00,0.43
Tec-9 | Rebel,0.00,1.00
Tec-9 | Red Quartz,0.00,0.40
Tec-9 | Remote Control,0.00,1.00
Tec-9 | Rust Leaf,0.00,0.50
Tec-9 | Safety Net,0.00,0.60
Tec-9 | Sandstorm,0.10,0.70
Tec-9 | Snek-9,0.00,1.00
Tec-9 | Terrace,0.00,1.00
Tec-9 | Titanium Bit,0.00,0.20
Tec-9 | Tornado,0.06,0.80
Tec-9 | Toxic,0.00,0.70
Tec-9 | Urban DDPAT,0.06,0.80
Tec-9 | VariCamo,0.00,0.60
UMP-45 | Arctic Wolf,0.00,0.80
UMP-45 | Blaze,0.00,0.08
UMP-45 | Bone Pile,0.06,0.34
UMP-45 | Briefing,0.00,1.00
UMP-45 | Carbon Fiber,0.00,0.12
UMP-45 | Corporal,0.05,0.75
UMP-45 | Crime Scene,0.00,0.75
UMP-45 | Day Lily,0.00,0.55
UMP-45 | Delusion,0.06,0.35
UMP-45 | Exposure,0.00,0.55
UMP-45 | Facility Dark,0.00,0.50
UMP-45 | Fade,0.00,0.08
UMP-45 | Fallout Warning,0.06,0.80
UMP-45 | Full Stop,0.00,0.60
UMP-45 | Gold Bismuth,0.00,0.70
UMP-45 | Grand Prix,0.25,0.35
UMP-45 | Gunsmoke,0.06,0.80
UMP-45 | Houndstooth,0.00,0.60
UMP-45 | Indigo,0.06,0.80
UMP-45 | Labyrinth,0.00,0.40
UMP-45 | Mechanism,0.00,0.49
UMP-45 | Metal Flowers,0.00,0.70
UMP-45 | Minotaur's Labyrinth,0.00,0.39
UMP-45 | Momentum,0.00,0.50
UMP-45 | Moonrise,0.00,0.40
UMP-45 | Mudder,0.06,0.80
UMP-45 | Oscillator,0.00,0.50
UMP-45 | Plastique,0.00,0.80
UMP-45 | Primal Saber,0.00,0.77
UMP-45 | Riot,0.00,0.70
UMP-45 | Roadblock,0.00,1.00
UMP-45 | Scaffold,0.00,1.00
UMP-45 | Scorched,0.06,0.80
UMP-45 | Urban DDPAT,0.06,0.80
UMP-45 | Wild Child,0.00,1.00
USP-S | Ancient Visions,0.00,0.45
USP-S | Black Lotus,0.00,0.90
USP-S | Blood Tiger,0.00,0.30
USP-S | Blueprint,0.00,0.86
USP-S | Business Class,0.00,1.00
USP-S | Caiman,0.00,0.40
USP-S | Check Engine,0.00,0.60
USP-S | Cortex,0.00,1.00
USP-S | Cyrex,0.00,0.55
USP-S | Dark Water,0.10,0.26
USP-S | Desert Tactical,0.00,1.00
USP-S | Flashback,0.00,0.50
USP-S | Forest Leaves,0.06,0.80
USP-S | Guardian,0.00,0.38
USP-S | Kill Confirmed,0.00,1.00
USP-S | Lead Conduit,0.00,1.00
USP-S | Monster Mashup,0.00,0.70
USP-S | Neo-Noir,0.00,0.70
USP-S | Night Ops,0.00,0.60
USP-S | Orange Anolis,0.00,0.37
USP-S | Orion,0.00,0.50
USP-S | Overgrowth,0.06,0.80
USP-S | Para Green,0.00,0.80
USP-S | Pathfinder,0.00,0.35
USP-S | Printstream,0.00,0.85
USP-S | Purple DDPAT,0.00,0.55
USP-S | Road Rash,0.00,1.00
USP-S | Royal Blue,0.06,0.80
USP-S | Serum,0.00,0.25
USP-S | Stainless,0.00,0.80
USP-S | Target Acquired,0.00,0.50
USP-S | The Traitor,0.00,1.00
USP-S | Ticket to Hell,0.00,0.76
USP-S | Torque,0.00,0.46
USP-S | Whiteout,0.06,0.80
Ursus Knife | Blue Steel,0.00,1.00
Ursus Knife | Boreal Forest,0.06,0.80
Ursus Knife | Case Hardened,0.00,1.00
Ursus Knife | Crimson Web,0.06,0.80
Ursus Knife | Damascus Steel,0.00,0.50
Ursus Knife | Doppler,0.00,0.08
Ursus Knife | Fade,0.00,0.08
Ursus Knife | Forest DDPAT,0.06,0.80
Ursus Knife | Marble Fade,0.00,0.08
Ursus Knife | Night Stripe,0.06,0.80
Ursus Knife | Rust Coat,0.40,1.00
Ursus Knife | Safari Mesh,0.06,0.80
Ursus Knife | Scorched,0.06,0.80
Ursus Knife | Slaughter,0.01,0.26
Ursus Knife | Stained,0.00,1.00
Ursus Knife | Tiger Tooth,0.00,0.08
Ursus Knife | Ultraviolet,0.06,0.80
Ursus Knife | Urban Masked,0.06,0.80
Ursus Knife | ★ (Vanilla),,
XM1014 | Ancient Lore,0.00,0.50
XM1014 | Banana Leaf,0.00,0.60
XM1014 | Black Tie,0.00,0.75
XM1014 | Blaze Orange,0.06,0.80
XM1014 | Blue Spruce,0.06,0.80
XM1014 | Blue Steel,0.00,1.00
XM1014 | Blue Tire,0.00,0.55
XM1014 | Bone Machine,0.00,0.60
XM1014 | CaliCamo,0.00,0.60
XM1014 | Charter,0.00,0.65
XM1014 | Elegant Vines,0.00,0.37
XM1014 | Entombed,0.00,0.50
XM1014 | Fallout Warning,0.06,0.80
XM1014 | Frost Borre,0.00,0.50
XM1014 | Grassland,0.06,0.80
XM1014 | Heaven Guard,0.03,0.50
XM1014 | Hieroglyph,0.00,1.00
XM1014 | Incinegator,0.14,0.65
XM1014 | Jungle,0.06,0.80
XM1014 | Oxide Blaze,0.00,0.70
XM1014 | Quicksilver,0.00,0.50
XM1014 | Red Leather,0.00,0.56
XM1014 | Red Python,0.08,0.50
XM1014 | Scumbria,0.00,1.00
XM1014 | Seasons,0.00,0.50
XM1014 | Slipstream,0.00,0.50
XM1014 | Teclu Burner,0.00,0.65
XM1014 | Tranquility,0.00,0.50
XM1014 | Urban Perforated,0.06,0.80
XM1014 | VariCamo Blue,0.00,0.50
XM1014 | Watchdog,0.00,1.00
XM1014 | XOXO,0.00,0.90
XM1014 | Ziggy,0.00,0.72
XM1014 | Zombie Offensive,0.00,0.50
